{"cameraMode":{"drawMode":0,"name":"Shaded","section":"Shading Mode"},"sceneLighting":true,"audioPlay":false,"sceneViewState":{"showFog":true,"showMaterialUpdate":true,"showSkybox":true,"showFlares":true,"showImageEffects":true,"showParticleSystems":true},"in2DMode":false,"pivot":{"x":1.4432625770568848,"y":2.950343132019043,"z":-6.558703899383545},"rotation":{"x":0.12586720287799836,"y":0.6082726120948792,"z":-0.09847471863031388,"w":0.7774738073348999},"size":14.882148742675782,"orthographic":false}